{
  "project_info": {
    "project_number": "310543563910",
    "firebase_url": "https://onschool-be8cb-default-rtdb.firebaseio.com",
    "project_id": "onschool-be8cb",
    "storage_bucket": "onschool-be8cb.appspot.com"
  },
  "client": [
    {
      "client_info": {
        "mobilesdk_app_id": "1:310543563910:android:b8c22ba7e6ebd323eca507",
        "android_client_info": {
          "package_name": "pk.edu.uiit.a18_arid_2554.onschool"
        }
      },
      "oauth_client": [
        {
          "client_id": "310543563910-g4843ull2uosomebc3v7hmmnqbm2da63.apps.googleusercontent.com",
          "client_type": 3
        }
      ],
      "api_key": [
        {
          "current_key": "AIzaSyC5g5IGnNgiCOMTWes-kKlpKZPieUjdXRo"
        }
      ],
      "services": {
        "appinvite_service": {
          "other_platform_oauth_client": [
            {
              "client_id": "310543563910-g4843ull2uosomebc3v7hmmnqbm2da63.apps.googleusercontent.com",
              "client_type": 3
            }
          ]
        }
      }
    }
  ],
  "configuration_version": "1"
}